"","sample_id","age","atopy","bmi","body_fat","cd4_nadir","cell_component","cell_component_abs","childhood_abuse","disease","disease_stage","disease_subtype","family_disease_history","infection","drinking","gail_risk_model_score","genotype","height","hormone_therapy_use","maternal_age","maternal_bmi","maternal_waist","menopausal_status","metastasis","morphology","overall_survival","pregnancy_ever","project_id","race","sex","tissue","treatment","viral_load","vital_status","weight","tissue_or_organ_of_origin","sample_type","platform"
"GSM1505103","GSM1505103",35,NA,30.694,NA,NA,NA,NA,NA,NA,NA,NA,NA,NA,NA,NA,NA,NA,NA,NA,NA,NA,NA,NA,NA,NA,NA,"GSE61452",NA,"F","muscle",NA,NA,NA,NA,NA,"control","450K"
"GSM1505113","GSM1505113",40,NA,41.66,NA,NA,NA,NA,NA,NA,NA,NA,NA,NA,NA,NA,NA,NA,NA,NA,NA,NA,NA,NA,NA,NA,NA,"GSE61452",NA,"F","muscle",NA,NA,NA,NA,NA,"control","450K"
"GSM1505099","GSM1505099",52,NA,49.097,NA,NA,NA,NA,NA,NA,NA,NA,NA,NA,NA,NA,NA,NA,NA,NA,NA,NA,NA,NA,NA,NA,NA,"GSE61452",NA,"F","muscle",NA,NA,NA,NA,NA,"control","450K"
"GSM1505117","GSM1505117",45,NA,50.538,NA,NA,NA,NA,NA,NA,NA,NA,NA,NA,NA,NA,NA,NA,NA,NA,NA,NA,NA,NA,NA,NA,NA,"GSE61452",NA,"F","muscle",NA,NA,NA,NA,NA,"control","450K"
"GSM1505102","GSM1505102",51,NA,52.392,NA,NA,NA,NA,NA,NA,NA,NA,NA,NA,NA,NA,NA,NA,NA,NA,NA,NA,NA,NA,NA,NA,NA,"GSE61452",NA,"F","muscle",NA,NA,NA,NA,NA,"control","450K"
"GSM1505101","GSM1505101",38,NA,53.487,NA,NA,NA,NA,NA,NA,NA,NA,NA,NA,NA,NA,NA,NA,NA,NA,NA,NA,NA,NA,NA,NA,NA,"GSE61452",NA,"F","muscle",NA,NA,NA,NA,NA,"control","450K"
"GSM1505090","GSM1505090",65,NA,55.432,NA,NA,NA,NA,NA,NA,NA,NA,NA,NA,NA,NA,NA,NA,NA,NA,NA,NA,NA,NA,NA,NA,NA,"GSE61452",NA,"F","muscle",NA,NA,NA,NA,NA,"control","450K"
"GSM1500988","GSM1500988",37,NA,55.6,NA,NA,NA,NA,NA,NA,NA,NA,NA,NA,NA,NA,NA,NA,NA,NA,NA,NA,NA,NA,NA,NA,NA,"GSE61259",NA,"F","muscle",NA,NA,NA,NA,NA,"control","450K"
"GSM1505092","GSM1505092",49,NA,57.443,NA,NA,NA,NA,NA,NA,NA,NA,NA,NA,NA,NA,NA,NA,NA,NA,NA,NA,NA,NA,NA,NA,NA,"GSE61452",NA,"F","muscle",NA,NA,NA,NA,NA,"control","450K"
"GSM1505094","GSM1505094",40,NA,59.847,NA,NA,NA,NA,NA,NA,NA,NA,NA,NA,NA,NA,NA,NA,NA,NA,NA,NA,NA,NA,NA,NA,NA,"GSE61452",NA,"F","muscle",NA,NA,NA,NA,NA,"control","450K"
"GSM1505096","GSM1505096",47,NA,63.362,NA,NA,NA,NA,NA,NA,NA,NA,NA,NA,NA,NA,NA,NA,NA,NA,NA,NA,NA,NA,NA,NA,NA,"GSE61452",NA,"F","muscle",NA,NA,NA,NA,NA,"control","450K"
"GSM1505120","GSM1505120",28,NA,68.679,NA,NA,NA,NA,NA,NA,NA,NA,NA,NA,NA,NA,NA,NA,NA,NA,NA,NA,NA,NA,NA,NA,NA,"GSE61452",NA,"M","muscle",NA,NA,NA,NA,NA,"control","450K"
"GSM1505131","GSM1505131",42,NA,71.121,NA,NA,NA,NA,NA,NA,NA,NA,NA,NA,NA,NA,NA,NA,NA,NA,NA,NA,NA,NA,NA,NA,NA,"GSE61452",NA,"M","muscle",NA,NA,NA,NA,NA,"control","450K"
"GSM1505089","GSM1505089",49,NA,73.617,NA,NA,NA,NA,NA,NA,NA,NA,NA,NA,NA,NA,NA,NA,NA,NA,NA,NA,NA,NA,NA,NA,NA,"GSE61452",NA,"F","muscle",NA,NA,NA,NA,NA,"control","450K"
"GSM1505137","GSM1505137",41,NA,34.809,NA,NA,NA,NA,NA,NA,NA,NA,NA,NA,NA,NA,NA,NA,NA,NA,NA,NA,NA,NA,NA,NA,NA,"GSE61452",NA,"F","muscle",NA,NA,NA,NA,NA,"control","450K"
"GSM1505112","GSM1505112",26,NA,34.743,NA,NA,NA,NA,NA,NA,NA,NA,NA,NA,NA,NA,NA,NA,NA,NA,NA,NA,NA,NA,NA,NA,NA,"GSE61452",NA,"F","muscle",NA,NA,NA,NA,NA,"control","450K"
"GSM1505109","GSM1505109",40,NA,48.231,NA,NA,NA,NA,NA,NA,NA,NA,NA,NA,NA,NA,NA,NA,NA,NA,NA,NA,NA,NA,NA,NA,NA,"GSE61452",NA,"M","muscle",NA,NA,NA,NA,NA,"control","450K"
"GSM1500992","GSM1500992",44,NA,48,NA,NA,NA,NA,NA,NA,NA,NA,NA,NA,NA,NA,NA,NA,NA,NA,NA,NA,NA,NA,NA,NA,NA,"GSE61259",NA,"F","muscle",NA,NA,NA,NA,NA,"control","450K"
"GSM1505130","GSM1505130",34,NA,59.259,NA,NA,NA,NA,NA,NA,NA,NA,NA,NA,NA,NA,NA,NA,NA,NA,NA,NA,NA,NA,NA,NA,NA,"GSE61452",NA,"M","muscle",NA,NA,NA,NA,NA,"control","450K"
"GSM1505141","GSM1505141",47,NA,59.238,NA,NA,NA,NA,NA,NA,NA,NA,NA,NA,NA,NA,NA,NA,NA,NA,NA,NA,NA,NA,NA,NA,NA,"GSE61452",NA,"F","muscle",NA,NA,NA,NA,NA,"control","450K"
"GSM1505118","GSM1505118",49,NA,36.332,NA,NA,NA,NA,NA,NA,NA,NA,NA,NA,NA,NA,NA,NA,NA,NA,NA,NA,NA,NA,NA,NA,NA,"GSE61452",NA,"F","muscle",NA,NA,NA,NA,NA,"control","450K"
"GSM1505105","GSM1505105",47,NA,35.907,NA,NA,NA,NA,NA,NA,NA,NA,NA,NA,NA,NA,NA,NA,NA,NA,NA,NA,NA,NA,NA,NA,NA,"GSE61452",NA,"F","muscle",NA,NA,NA,NA,NA,"control","450K"
"GSM1505139","GSM1505139",48,NA,35.686,NA,NA,NA,NA,NA,NA,NA,NA,NA,NA,NA,NA,NA,NA,NA,NA,NA,NA,NA,NA,NA,NA,NA,"GSE61452",NA,"M","muscle",NA,NA,NA,NA,NA,"control","450K"
"GSM1505140","GSM1505140",58,NA,39.126,NA,NA,NA,NA,NA,NA,NA,NA,NA,NA,NA,NA,NA,NA,NA,NA,NA,NA,NA,NA,NA,NA,NA,"GSE61452",NA,"M","muscle",NA,NA,NA,NA,NA,"control","450K"
"GSM1505108","GSM1505108",52,NA,38.617,NA,NA,NA,NA,NA,NA,NA,NA,NA,NA,NA,NA,NA,NA,NA,NA,NA,NA,NA,NA,NA,NA,NA,"GSE61452",NA,"M","muscle",NA,NA,NA,NA,NA,"control","450K"
"GSM1505143","GSM1505143",54,NA,38.552,NA,NA,NA,NA,NA,NA,NA,NA,NA,NA,NA,NA,NA,NA,NA,NA,NA,NA,NA,NA,NA,NA,NA,"GSE61452",NA,"M","muscle",NA,NA,NA,NA,NA,"control","450K"
"GSM1505123","GSM1505123",54,NA,40.462,NA,NA,NA,NA,NA,NA,NA,NA,NA,NA,NA,NA,NA,NA,NA,NA,NA,NA,NA,NA,NA,NA,NA,"GSE61452",NA,"F","muscle",NA,NA,NA,NA,NA,"control","450K"
"GSM1505119","GSM1505119",42,NA,40.081,NA,NA,NA,NA,NA,NA,NA,NA,NA,NA,NA,NA,NA,NA,NA,NA,NA,NA,NA,NA,NA,NA,NA,"GSE61452",NA,"F","muscle",NA,NA,NA,NA,NA,"control","450K"
"GSM1505098","GSM1505098",39,NA,39.52,NA,NA,NA,NA,NA,NA,NA,NA,NA,NA,NA,NA,NA,NA,NA,NA,NA,NA,NA,NA,NA,NA,NA,"GSE61452",NA,"F","muscle",NA,NA,NA,NA,NA,"control","450K"
"GSM1505110","GSM1505110",54,NA,41.402,NA,NA,NA,NA,NA,NA,NA,NA,NA,NA,NA,NA,NA,NA,NA,NA,NA,NA,NA,NA,NA,NA,NA,"GSE61452",NA,"M","muscle",NA,NA,NA,NA,NA,"control","450K"
"GSM1505106","GSM1505106",37,NA,40.816,NA,NA,NA,NA,NA,NA,NA,NA,NA,NA,NA,NA,NA,NA,NA,NA,NA,NA,NA,NA,NA,NA,NA,"GSE61452",NA,"F","muscle",NA,NA,NA,NA,NA,"control","450K"
"GSM1505104","GSM1505104",62,NA,40.645,NA,NA,NA,NA,NA,NA,NA,NA,NA,NA,NA,NA,NA,NA,NA,NA,NA,NA,NA,NA,NA,NA,NA,"GSE61452",NA,"F","muscle",NA,NA,NA,NA,NA,"control","450K"
"GSM1505088","GSM1505088",41,NA,43.284,NA,NA,NA,NA,NA,NA,NA,NA,NA,NA,NA,NA,NA,NA,NA,NA,NA,NA,NA,NA,NA,NA,NA,"GSE61452",NA,"F","muscle",NA,NA,NA,NA,NA,"control","450K"
"GSM1505125","GSM1505125",54,NA,43.183,NA,NA,NA,NA,NA,NA,NA,NA,NA,NA,NA,NA,NA,NA,NA,NA,NA,NA,NA,NA,NA,NA,NA,"GSE61452",NA,"F","muscle",NA,NA,NA,NA,NA,"control","450K"
"GSM1500999","GSM1500999",48,NA,43,NA,NA,NA,NA,NA,NA,NA,NA,NA,NA,NA,NA,NA,NA,NA,NA,NA,NA,NA,NA,NA,NA,NA,"GSE61259",NA,"F","muscle",NA,NA,NA,NA,NA,"control","450K"
"GSM1505124","GSM1505124",29,NA,42.659,NA,NA,NA,NA,NA,NA,NA,NA,NA,NA,NA,NA,NA,NA,NA,NA,NA,NA,NA,NA,NA,NA,NA,"GSE61452",NA,"M","muscle",NA,NA,NA,NA,NA,"control","450K"
"GSM1505093","GSM1505093",38,NA,45.089,NA,NA,NA,NA,NA,NA,NA,NA,NA,NA,NA,NA,NA,NA,NA,NA,NA,NA,NA,NA,NA,NA,NA,"GSE61452",NA,"F","muscle",NA,NA,NA,NA,NA,"control","450K"
"GSM1505132","GSM1505132",53,NA,45.085,NA,NA,NA,NA,NA,NA,NA,NA,NA,NA,NA,NA,NA,NA,NA,NA,NA,NA,NA,NA,NA,NA,NA,"GSE61452",NA,"M","muscle",NA,NA,NA,NA,NA,"control","450K"
"GSM1505134","GSM1505134",49,NA,44.607,NA,NA,NA,NA,NA,NA,NA,NA,NA,NA,NA,NA,NA,NA,NA,NA,NA,NA,NA,NA,NA,NA,NA,"GSE61452",NA,"M","muscle",NA,NA,NA,NA,NA,"control","450K"
"GSM1501006","GSM1501006",39,NA,44.6,NA,NA,NA,NA,NA,NA,NA,NA,NA,NA,NA,NA,NA,NA,NA,NA,NA,NA,NA,NA,NA,NA,NA,"GSE61259",NA,"F","muscle",NA,NA,NA,NA,NA,"control","450K"
"GSM1505127","GSM1505127",37,NA,47.331,NA,NA,NA,NA,NA,NA,NA,NA,NA,NA,NA,NA,NA,NA,NA,NA,NA,NA,NA,NA,NA,NA,NA,"GSE61452",NA,"F","muscle",NA,NA,NA,NA,NA,"control","450K"
"GSM1505114","GSM1505114",46,NA,47.327,NA,NA,NA,NA,NA,NA,NA,NA,NA,NA,NA,NA,NA,NA,NA,NA,NA,NA,NA,NA,NA,NA,NA,"GSE61452",NA,"F","muscle",NA,NA,NA,NA,NA,"control","450K"
"GSM1505111","GSM1505111",50,NA,46.68,NA,NA,NA,NA,NA,NA,NA,NA,NA,NA,NA,NA,NA,NA,NA,NA,NA,NA,NA,NA,NA,NA,NA,"GSE61452",NA,"F","muscle",NA,NA,NA,NA,NA,"control","450K"
"GSM1500987","GSM1500987",57,NA,46.6,NA,NA,NA,NA,NA,NA,NA,NA,NA,NA,NA,NA,NA,NA,NA,NA,NA,NA,NA,NA,NA,NA,NA,"GSE61259",NA,"M","muscle",NA,NA,NA,NA,NA,"control","450K"
"GSM1505107","GSM1505107",49,NA,38.372,NA,NA,NA,NA,NA,NA,NA,NA,NA,NA,NA,NA,NA,NA,NA,NA,NA,NA,NA,NA,NA,NA,NA,"GSE61452",NA,"F","muscle",NA,NA,NA,NA,NA,"control","450K"
"GSM1505097","GSM1505097",45,NA,38.1,NA,NA,NA,NA,NA,NA,NA,NA,NA,NA,NA,NA,NA,NA,NA,NA,NA,NA,NA,NA,NA,NA,NA,"GSE61452",NA,"F","muscle",NA,NA,NA,NA,NA,"control","450K"
"GSM1505126","GSM1505126",35,NA,38.062,NA,NA,NA,NA,NA,NA,NA,NA,NA,NA,NA,NA,NA,NA,NA,NA,NA,NA,NA,NA,NA,NA,NA,"GSE61452",NA,"F","muscle",NA,NA,NA,NA,NA,"control","450K"
"GSM1505138","GSM1505138",31,NA,37.649,NA,NA,NA,NA,NA,NA,NA,NA,NA,NA,NA,NA,NA,NA,NA,NA,NA,NA,NA,NA,NA,NA,NA,"GSE61452",NA,"F","muscle",NA,NA,NA,NA,NA,"control","450K"
"GSM1505122","GSM1505122",45,NA,37.532,NA,NA,NA,NA,NA,NA,NA,NA,NA,NA,NA,NA,NA,NA,NA,NA,NA,NA,NA,NA,NA,NA,NA,"GSE61452",NA,"F","muscle",NA,NA,NA,NA,NA,"control","450K"
"GSM1501010","GSM1501010",42,NA,44.5,NA,NA,NA,NA,NA,NA,NA,NA,NA,NA,NA,NA,NA,NA,NA,NA,NA,NA,NA,NA,NA,NA,NA,"GSE61259",NA,"F","muscle",NA,NA,NA,NA,NA,"control","450K"
"GSM1505086","GSM1505086",34,NA,44.359,NA,NA,NA,NA,NA,NA,NA,NA,NA,NA,NA,NA,NA,NA,NA,NA,NA,NA,NA,NA,NA,NA,NA,"GSE61452",NA,"F","muscle",NA,NA,NA,NA,NA,"control","450K"
"GSM1505115","GSM1505115",31,NA,44.205,NA,NA,NA,NA,NA,NA,NA,NA,NA,NA,NA,NA,NA,NA,NA,NA,NA,NA,NA,NA,NA,NA,NA,"GSE61452",NA,"F","muscle",NA,NA,NA,NA,NA,"control","450K"
"GSM1505091","GSM1505091",36,NA,44.067,NA,NA,NA,NA,NA,NA,NA,NA,NA,NA,NA,NA,NA,NA,NA,NA,NA,NA,NA,NA,NA,NA,NA,"GSE61452",NA,"F","muscle",NA,NA,NA,NA,NA,"control","450K"
"GSM1500996","GSM1500996",44,NA,43.9,NA,NA,NA,NA,NA,NA,NA,NA,NA,NA,NA,NA,NA,NA,NA,NA,NA,NA,NA,NA,NA,NA,NA,"GSE61259",NA,"M","muscle",NA,NA,NA,NA,NA,"control","450K"
"GSM1505136","GSM1505136",41,NA,50.365,NA,NA,NA,NA,NA,NA,NA,NA,NA,NA,NA,NA,NA,NA,NA,NA,NA,NA,NA,NA,NA,NA,NA,"GSE61452",NA,"M","muscle",NA,NA,NA,NA,NA,"control","450K"
"GSM1505135","GSM1505135",42,NA,50.058,NA,NA,NA,NA,NA,NA,NA,NA,NA,NA,NA,NA,NA,NA,NA,NA,NA,NA,NA,NA,NA,NA,NA,"GSE61452",NA,"F","muscle",NA,NA,NA,NA,NA,"control","450K"
"GSM1505121","GSM1505121",67,NA,49.931,NA,NA,NA,NA,NA,NA,NA,NA,NA,NA,NA,NA,NA,NA,NA,NA,NA,NA,NA,NA,NA,NA,NA,"GSE61452",NA,"M","muscle",NA,NA,NA,NA,NA,"control","450K"
"GSM1500990","GSM1500990",48,NA,49.6,NA,NA,NA,NA,NA,NA,NA,NA,NA,NA,NA,NA,NA,NA,NA,NA,NA,NA,NA,NA,NA,NA,NA,"GSE61259",NA,"F","muscle",NA,NA,NA,NA,NA,"control","450K"
"GSM1505129","GSM1505129",32,NA,49.535,NA,NA,NA,NA,NA,NA,NA,NA,NA,NA,NA,NA,NA,NA,NA,NA,NA,NA,NA,NA,NA,NA,NA,"GSE61452",NA,"F","muscle",NA,NA,NA,NA,NA,"control","450K"
"GSM1501000","GSM1501000",45,NA,54.3,NA,NA,NA,NA,NA,NA,NA,NA,NA,NA,NA,NA,NA,NA,NA,NA,NA,NA,NA,NA,NA,NA,NA,"GSE61259",NA,"F","muscle",NA,NA,NA,NA,NA,"control","450K"
"GSM1505133","GSM1505133",44,NA,54.199,NA,NA,NA,NA,NA,NA,NA,NA,NA,NA,NA,NA,NA,NA,NA,NA,NA,NA,NA,NA,NA,NA,NA,"GSE61452",NA,"M","muscle",NA,NA,NA,NA,NA,"control","450K"
"GSM1501007","GSM1501007",31,NA,54.1,NA,NA,NA,NA,NA,NA,NA,NA,NA,NA,NA,NA,NA,NA,NA,NA,NA,NA,NA,NA,NA,NA,NA,"GSE61259",NA,"F","muscle",NA,NA,NA,NA,NA,"control","450K"
"GSM1505084","GSM1505084",38,NA,53.56,NA,NA,NA,NA,NA,NA,NA,NA,NA,NA,NA,NA,NA,NA,NA,NA,NA,NA,NA,NA,NA,NA,NA,"GSE61452",NA,"F","muscle",NA,NA,NA,NA,NA,"control","450K"
"GSM1505128","GSM1505128",37,NA,53.508,NA,NA,NA,NA,NA,NA,NA,NA,NA,NA,NA,NA,NA,NA,NA,NA,NA,NA,NA,NA,NA,NA,NA,"GSE61452",NA,"F","muscle",NA,NA,NA,NA,NA,"control","450K"
"GSM1505095","GSM1505095",59,NA,46.475,NA,NA,NA,NA,NA,NA,NA,NA,NA,NA,NA,NA,NA,NA,NA,NA,NA,NA,NA,NA,NA,NA,NA,"GSE61452",NA,"F","muscle",NA,NA,NA,NA,NA,"control","450K"
"GSM1505100","GSM1505100",65,NA,46.283,NA,NA,NA,NA,NA,NA,NA,NA,NA,NA,NA,NA,NA,NA,NA,NA,NA,NA,NA,NA,NA,NA,NA,"GSE61452",NA,"M","muscle",NA,NA,NA,NA,NA,"control","450K"
"GSM1505087","GSM1505087",36,NA,46.168,NA,NA,NA,NA,NA,NA,NA,NA,NA,NA,NA,NA,NA,NA,NA,NA,NA,NA,NA,NA,NA,NA,NA,"GSE61452",NA,"F","muscle",NA,NA,NA,NA,NA,"control","450K"
"GSM1505116","GSM1505116",45,NA,45.88,NA,NA,NA,NA,NA,NA,NA,NA,NA,NA,NA,NA,NA,NA,NA,NA,NA,NA,NA,NA,NA,NA,NA,"GSE61452",NA,"F","muscle",NA,NA,NA,NA,NA,"control","450K"
"GSM1505142","GSM1505142",41,NA,45.867,NA,NA,NA,NA,NA,NA,NA,NA,NA,NA,NA,NA,NA,NA,NA,NA,NA,NA,NA,NA,NA,NA,NA,"GSE61452",NA,"F","muscle",NA,NA,NA,NA,NA,"control","450K"
"GSM1505085","GSM1505085",39,NA,45.764,NA,NA,NA,NA,NA,NA,NA,NA,NA,NA,NA,NA,NA,NA,NA,NA,NA,NA,NA,NA,NA,NA,NA,"GSE61452",NA,"M","muscle",NA,NA,NA,NA,NA,"control","450K"
"GSM1220235","GSM1220235",22,NA,19.2672,NA,NA,NA,NA,NA,NA,NA,NA,NA,NA,NA,NA,NA,NA,NA,NA,NA,NA,NA,NA,NA,NA,NA,"GSE50498",NA,"M","muscle - vastus lateralis muscle",NA,NA,NA,NA,NA,"control","450K"
"GSM1220232","GSM1220232",24,NA,20.898,NA,NA,NA,NA,NA,NA,NA,NA,NA,NA,NA,NA,NA,NA,NA,NA,NA,NA,NA,NA,NA,NA,NA,"GSE50498",NA,"M","muscle - vastus lateralis muscle",NA,NA,NA,NA,NA,"control","450K"
"GSM1220250","GSM1220250",74,NA,32.6954,NA,NA,NA,NA,NA,NA,NA,NA,NA,NA,NA,NA,NA,NA,NA,NA,NA,NA,NA,NA,NA,NA,NA,"GSE50498",NA,"M","muscle - vastus lateralis muscle",NA,NA,NA,NA,NA,"control","450K"
"GSM1220252","GSM1220252",72,NA,35.0865,NA,NA,NA,NA,NA,NA,NA,NA,NA,NA,NA,NA,NA,NA,NA,NA,NA,NA,NA,NA,NA,NA,NA,"GSE50498",NA,"M","muscle - vastus lateralis muscle",NA,NA,NA,NA,NA,"control","450K"
"GSM1220243","GSM1220243",70,NA,35.6401,NA,NA,NA,NA,NA,NA,NA,NA,NA,NA,NA,NA,NA,NA,NA,NA,NA,NA,NA,NA,NA,NA,NA,"GSE50498",NA,"M","muscle - vastus lateralis muscle",NA,NA,NA,NA,NA,"control","450K"
"GSM1220255","GSM1220255",68,NA,36.702,NA,NA,NA,NA,NA,NA,NA,NA,NA,NA,NA,NA,NA,NA,NA,NA,NA,NA,NA,NA,NA,NA,NA,"GSE50498",NA,"M","muscle - vastus lateralis muscle",NA,NA,NA,NA,NA,"control","450K"
"GSM1220256","GSM1220256",73,NA,38.2947,NA,NA,NA,NA,NA,NA,NA,NA,NA,NA,NA,NA,NA,NA,NA,NA,NA,NA,NA,NA,NA,NA,NA,"GSE50498",NA,"M","muscle - vastus lateralis muscle",NA,NA,NA,NA,NA,"control","450K"
"GSM1220227","GSM1220227",20,NA,18.3755,NA,NA,NA,NA,NA,NA,NA,NA,NA,NA,NA,NA,NA,NA,NA,NA,NA,NA,NA,NA,NA,NA,NA,"GSE50498",NA,"M","muscle - vastus lateralis muscle",NA,NA,NA,NA,NA,"control","450K"
"GSM1220223","GSM1220223",19,NA,18.351,NA,NA,NA,NA,NA,NA,NA,NA,NA,NA,NA,NA,NA,NA,NA,NA,NA,NA,NA,NA,NA,NA,NA,"GSE50498",NA,"M","muscle - vastus lateralis muscle",NA,NA,NA,NA,NA,"control","450K"
"GSM1220225","GSM1220225",19,NA,22.3003,NA,NA,NA,NA,NA,NA,NA,NA,NA,NA,NA,NA,NA,NA,NA,NA,NA,NA,NA,NA,NA,NA,NA,"GSE50498",NA,"M","muscle - vastus lateralis muscle",NA,NA,NA,NA,NA,"control","450K"
"GSM1220220","GSM1220220",18,NA,22.0307,NA,NA,NA,NA,NA,NA,NA,NA,NA,NA,NA,NA,NA,NA,NA,NA,NA,NA,NA,NA,NA,NA,NA,"GSE50498",NA,"M","muscle - vastus lateralis muscle",NA,NA,NA,NA,NA,"control","450K"
"GSM1220261","GSM1220261",68,NA,31.4511,NA,NA,NA,NA,NA,NA,NA,NA,NA,NA,NA,NA,NA,NA,NA,NA,NA,NA,NA,NA,NA,NA,NA,"GSE50498",NA,"M","muscle - vastus lateralis muscle",NA,NA,NA,NA,NA,"control","450K"
"GSM1220241","GSM1220241",73,NA,31.3042,NA,NA,NA,NA,NA,NA,NA,NA,NA,NA,NA,NA,NA,NA,NA,NA,NA,NA,NA,NA,NA,NA,NA,"GSE50498",NA,"M","muscle - vastus lateralis muscle",NA,NA,NA,NA,NA,"control","450K"
"GSM1220244","GSM1220244",73,NA,24.1115,NA,NA,NA,NA,NA,NA,NA,NA,NA,NA,NA,NA,NA,NA,NA,NA,NA,NA,NA,NA,NA,NA,NA,"GSE50498",NA,"M","muscle - vastus lateralis muscle",NA,NA,NA,NA,NA,"control","450K"
"GSM1220214","GSM1220214",25,NA,23.8088,NA,NA,NA,NA,NA,NA,NA,NA,NA,NA,NA,NA,NA,NA,NA,NA,NA,NA,NA,NA,NA,NA,NA,"GSE50498",NA,"M","muscle - vastus lateralis muscle",NA,NA,NA,NA,NA,"control","450K"
"GSM1220221","GSM1220221",19,NA,23.7098,NA,NA,NA,NA,NA,NA,NA,NA,NA,NA,NA,NA,NA,NA,NA,NA,NA,NA,NA,NA,NA,NA,NA,"GSE50498",NA,"M","muscle - vastus lateralis muscle",NA,NA,NA,NA,NA,"control","450K"
"GSM1220245","GSM1220245",72,NA,26.1728,NA,NA,NA,NA,NA,NA,NA,NA,NA,NA,NA,NA,NA,NA,NA,NA,NA,NA,NA,NA,NA,NA,NA,"GSE50498",NA,"M","muscle - vastus lateralis muscle",NA,NA,NA,NA,NA,"control","450K"
"GSM1220224","GSM1220224",20,NA,25.9259,NA,NA,NA,NA,NA,NA,NA,NA,NA,NA,NA,NA,NA,NA,NA,NA,NA,NA,NA,NA,NA,NA,NA,"GSE50498",NA,"M","muscle - vastus lateralis muscle",NA,NA,NA,NA,NA,"control","450K"
"GSM1220248","GSM1220248",76,NA,25.695,NA,NA,NA,NA,NA,NA,NA,NA,NA,NA,NA,NA,NA,NA,NA,NA,NA,NA,NA,NA,NA,NA,NA,"GSE50498",NA,"M","muscle - vastus lateralis muscle",NA,NA,NA,NA,NA,"control","450K"
"GSM1220233","GSM1220233",25,NA,25.4071,NA,NA,NA,NA,NA,NA,NA,NA,NA,NA,NA,NA,NA,NA,NA,NA,NA,NA,NA,NA,NA,NA,NA,"GSE50498",NA,"M","muscle - vastus lateralis muscle",NA,NA,NA,NA,NA,"control","450K"
"GSM1220238","GSM1220238",89.1,NA,25.3515,NA,NA,NA,NA,NA,NA,NA,NA,NA,NA,NA,NA,NA,NA,NA,NA,NA,NA,NA,NA,NA,NA,NA,"GSE50498",NA,"M","muscle - vastus lateralis muscle",NA,NA,NA,NA,NA,"control","450K"
"GSM1220249","GSM1220249",71,NA,25.0122,NA,NA,NA,NA,NA,NA,NA,NA,NA,NA,NA,NA,NA,NA,NA,NA,NA,NA,NA,NA,NA,NA,NA,"GSE50498",NA,"M","muscle - vastus lateralis muscle",NA,NA,NA,NA,NA,"control","450K"
"GSM1220222","GSM1220222",18,NA,24.5435,NA,NA,NA,NA,NA,NA,NA,NA,NA,NA,NA,NA,NA,NA,NA,NA,NA,NA,NA,NA,NA,NA,NA,"GSE50498",NA,"M","muscle - vastus lateralis muscle",NA,NA,NA,NA,NA,"control","450K"
"GSM1220229","GSM1220229",23,NA,29.3645,NA,NA,NA,NA,NA,NA,NA,NA,NA,NA,NA,NA,NA,NA,NA,NA,NA,NA,NA,NA,NA,NA,NA,"GSE50498",NA,"M","muscle - vastus lateralis muscle",NA,NA,NA,NA,NA,"control","450K"
"GSM1220253","GSM1220253",73,NA,28.8272,NA,NA,NA,NA,NA,NA,NA,NA,NA,NA,NA,NA,NA,NA,NA,NA,NA,NA,NA,NA,NA,NA,NA,"GSE50498",NA,"M","muscle - vastus lateralis muscle",NA,NA,NA,NA,NA,"control","450K"
"GSM1220260","GSM1220260",75,NA,28.8098,NA,NA,NA,NA,NA,NA,NA,NA,NA,NA,NA,NA,NA,NA,NA,NA,NA,NA,NA,NA,NA,NA,NA,"GSE50498",NA,"M","muscle - vastus lateralis muscle",NA,NA,NA,NA,NA,"control","450K"
"GSM1220246","GSM1220246",74,NA,28.6316,NA,NA,NA,NA,NA,NA,NA,NA,NA,NA,NA,NA,NA,NA,NA,NA,NA,NA,NA,NA,NA,NA,NA,"GSE50498",NA,"M","muscle - vastus lateralis muscle",NA,NA,NA,NA,NA,"control","450K"
"GSM1220251","GSM1220251",69,NA,27.1952,NA,NA,NA,NA,NA,NA,NA,NA,NA,NA,NA,NA,NA,NA,NA,NA,NA,NA,NA,NA,NA,NA,NA,"GSE50498",NA,"M","muscle - vastus lateralis muscle",NA,NA,NA,NA,NA,"control","450K"
"GSM1220215","GSM1220215",20,NA,27.1296,NA,NA,NA,NA,NA,NA,NA,NA,NA,NA,NA,NA,NA,NA,NA,NA,NA,NA,NA,NA,NA,NA,NA,"GSE50498",NA,"M","muscle - vastus lateralis muscle",NA,NA,NA,NA,NA,"control","450K"
"GSM1220242","GSM1220242",76,NA,27.128,NA,NA,NA,NA,NA,NA,NA,NA,NA,NA,NA,NA,NA,NA,NA,NA,NA,NA,NA,NA,NA,NA,NA,"GSE50498",NA,"M","muscle - vastus lateralis muscle",NA,NA,NA,NA,NA,"control","450K"
